<?xml version="1.0" encoding="UTF-8"?>
<!DOCTYPE suite SYSTEM "http://testng.org/testng-1.0.dtd" >
<suite name="RegressionTest" parallel="false">

  <test name="Assignment 01 (IE)">
  <parameter name="URL" value="https://www.google.com/"/>
  <parameter name="browser" value="ie"/>
    <classes>
      	<class name="com.cts.aig.selenium.test.testCase.Assignment01"/>
    </classes>
  </test> <!-- Test -->
  
  <test name="Assignment 01 (CHROME)">
  <parameter name="URL" value="https://www.google.com/"/>
  <parameter name="browser" value="chrome"/>
    <classes>
      	<class name="com.cts.aig.selenium.test.testCase.Assignment01"/>
    </classes>
  </test> <!-- Test -->
  
  <test name="Assignment 01 (FIREFOX)">
  <parameter name="URL" value="https://www.google.com/"/>
  <parameter name="browser" value="firefox"/>
    <classes>
      	<class name="com.cts.aig.selenium.test.testCase.Assignment01"/>
    </classes>
  </test> <!-- Test -->
  
  <test name="Assignment 02">
  <parameter name="URL" value="https://s1.demo.opensourcecms.com/wordpress/wp-login.php"/>
  <parameter name="browser" value="chrome"/>
    <classes>
      	<class name="com.cts.aig.selenium.test.testCase.Assignment02"/>
    </classes>
  </test> <!-- Test -->
  
  <test name="Assignment 03">
  <parameter name="URL" value="http://newtours.demoaut.com/mercuryregister.php"/>
  <parameter name="browser" value="chrome"/>
    <classes>
      	<class name="com.cts.aig.selenium.test.testCase.Assignment03"/>
    </classes>
  </test> <!-- Test -->
  
  <test name="Assignment 04">
  <parameter name="URL" value="https://www.seleniumeasy.com/test/basic-first-form-demo.html"/>
  <parameter name="browser" value="chrome"/>
    <classes>
      	<class name="com.cts.aig.selenium.test.testCase.Assignment04"/>
    </classes>
  </test> <!-- Test -->
  
  <test name="Assignment 05">
  <parameter name="URL" value="https://s1.demo.opensourcecms.com/wordpress/"/>
  <parameter name="browser" value="chrome"/>
    <classes>
      	<class name="com.cts.aig.selenium.test.testCase.Assignment05"/>
    </classes>
  </test> <!-- Test -->
  
  <test name="Assignment 06">
  <parameter name="URL" value="https://accounts.google.com/signup"/>
  <parameter name="browser" value="chrome"/>
    <classes>
      	<class name="com.cts.aig.selenium.test.testCase.Assignment06"/>
    </classes>
  </test> <!-- Test -->
  
  <test name="Assignment 07">
  <parameter name="URL" value="https://www.amazon.com/"/>
  <parameter name="browser" value="chrome"/>
    <classes>
      	<class name="com.cts.aig.selenium.test.testCase.Assignment07"/>
    </classes>
  </test> <!-- Test -->
  
  <test name="Assignment 08">
  <parameter name="URL" value="https://www.google.com/recaptcha/api2/demo"/>
  <parameter name="browser" value="chrome"/>
    <classes>
      	<class name="com.cts.aig.selenium.test.testCase.Assignment08"/>
    </classes>
  </test> <!-- Test -->
  
  <test name="Assignment 09">
  <parameter name="URL" value="https://alloyui.com/examples/datepicker/"/>
  <parameter name="browser" value="chrome"/>
    <classes>
      	<class name="com.cts.aig.selenium.test.testCase.Assignment09"/>
    </classes>
  </test> <!-- Test -->
  
</suite> <!-- Suite -->