<?xml version="1.0" encoding="UTF-8"?>
<!DOCTYPE suite SYSTEM "http://testng.org/testng-1.0.dtd" >
<suite name="SmokeTest" parallel="false">

  <test name="Assignment 01 (IE)">
  <parameter name="URL" value="https://www.google.com/"/>
  <parameter name="browser" value="ie"/>
    <classes>
      	<class name="com.cts.aig.selenium.test.testCase.Assignment01"/>
    </classes>
  </test> <!-- Test -->
  
  <test name="Assignment 02">
  <parameter name="URL" value="https://s1.demo.opensourcecms.com/wordpress/wp-login.php"/>
  <parameter name="browser" value="chrome"/>
    <classes>
      	<class name="com.cts.aig.selenium.test.testCase.Assignment02"/>
    </classes>
  </test> <!-- Test -->
  
  <test name="Assignment 08">
  <parameter name="URL" value="https://www.google.com/recaptcha/api2/demo"/>
  <parameter name="browser" value="chrome"/>
    <classes>
      	<class name="com.cts.aig.selenium.test.testCase.Assignment08"/>
    </classes>
  </test> <!-- Test -->
  
  <test name="Assignment 09">
  <parameter name="URL" value="https://alloyui.com/examples/datepicker/"/>
  <parameter name="browser" value="chrome"/>
    <classes>
      	<class name="com.cts.aig.selenium.test.testCase.Assignment09"/>
    </classes>
  </test> <!-- Test -->
  
</suite> <!-- Suite -->